provincia,n_impianti,benzina_self_eur_l,benzina_servito_eur_l,gasolio_self_eur_l,gasolio_servito_eur_l,n_com_benzina_self,n_com_benzina_servito,n_com_gasolio_self,n_com_gasolio_servito,data_estrazione
RO,126,2.072,2.182,2.248,2.373,124,71,123,71,2026-09-30
FR,250,2.074,2.203,2.28,2.409,240,148,240,148,2026-09-30
MC,155,2.076,2.23,2.272,2.429,152,89,151,89,2026-09-30
AN,215,2.077,2.255,2.279,2.456,211,119,210,118,2026-09-30
PE,120,2.078,2.205,2.282,2.414,117,79,117,79,2026-09-30
AP,86,2.08,2.255,2.28,2.451,85,50,85,50,2026-09-30
FM,84,2.083,2.223,2.276,2.411,82,56,83,56,2026-09-30
LT,244,2.088,2.257,2.293,2.466,239,181,238,180,2026-09-30
CA,174,2.09,2.249,2.308,2.462,170,127,170,127,2026-09-30
RN,123,2.092,2.261,2.297,2.466,122,75,121,75,2026-09-30
VT,171,2.092,2.246,2.291,2.45,151,117,151,118,2026-09-30
PU,147,2.093,2.256,2.291,2.458,143,92,144,92,2026-09-30
VE,265,2.093,2.213,2.292,2.412,258,133,255,132,2026-09-30
BA,369,2.094,2.248,2.291,2.453,360,232,363,232,2026-09-30
GO,43,2.094,2.216,2.306,2.424,41,18,41,18,2026-09-30
PD,329,2.094,2.213,2.296,2.415,326,165,323,164,2026-09-30
PI,193,2.094,2.262,2.304,2.47,187,122,189,122,2026-09-30
VI,309,2.094,2.216,2.293,2.415,301,185,300,185,2026-09-30
RA,149,2.095,2.211,2.304,2.417,145,92,146,92,2026-09-30
TR,113,2.095,2.209,2.297,2.412,103,75,103,75,2026-09-30
CB,103,2.096,2.234,2.302,2.444,101,63,103,64,2026-09-30
RI,85,2.096,2.193,2.284,2.39,80,49,80,49,2026-09-30
FI,289,2.097,2.268,2.309,2.481,281,182,282,182,2026-09-30
GE,217,2.097,2.245,2.311,2.454,212,128,212,127,2026-09-30
RE,197,2.097,2.211,2.31,2.423,190,97,187,96,2026-09-30
CR,139,2.098,2.231,2.313,2.444,135,83,134,82,2026-09-30
MN,173,2.098,2.212,2.31,2.422,170,108,166,107,2026-09-30
IM,73,2.099,2.233,2.313,2.448,69,44,71,44,2026-09-30
NO,140,2.099,2.248,2.314,2.462,139,73,139,73,2026-09-30
RM,1265,2.099,2.235,2.303,2.439,1158,905,1154,905,2026-09-30
VR,338,2.099,2.237,2.299,2.437,328,169,319,170,2026-09-30
BI,72,2.1,2.218,2.311,2.438,69,34,69,33,2026-09-30
CH,188,2.1,2.215,2.302,2.412,177,119,181,119,2026-09-30
CI,47,2.1,2.196,2.329,2.427,47,33,47,33,2026-09-30
TE,137,2.1,2.247,2.302,2.452,133,92,133,92,2026-09-30
PN,128,2.101,2.199,2.307,2.397,117,67,117,67,2026-09-30
SO,52,2.102,2.203,2.308,2.41,50,29,50,29,2026-09-30
LI,134,2.103,2.268,2.307,2.467,133,84,133,84,2026-09-30
LO,69,2.103,2.241,2.318,2.457,69,42,69,42,2026-09-30
MB,200,2.103,2.249,2.323,2.466,194,111,193,110,2026-09-30
PO,68,2.103,2.314,2.309,2.513,68,43,68,43,2026-09-30
PR,181,2.103,2.262,2.309,2.472,180,91,180,91,2026-09-30
AQ,142,2.104,2.214,2.311,2.419,130,98,133,98,2026-09-30
PC,134,2.104,2.267,2.316,2.475,132,78,132,79,2026-09-30
TA,179,2.105,2.281,2.304,2.479,178,115,178,116,2026-09-30
SV,112,2.106,2.252,2.324,2.471,110,69,110,69,2026-09-30
AT,114,2.108,2.22,2.326,2.431,112,50,112,50,2026-09-30
FC,153,2.108,2.235,2.308,2.437,150,87,151,87,2026-09-30
IS,42,2.108,2.191,2.327,2.408,40,33,40,33,2026-09-30
VC,86,2.108,2.269,2.324,2.484,81,37,85,37,2026-09-30
AL,204,2.109,2.267,2.322,2.477,200,102,202,102,2026-09-30
PG,307,2.109,2.253,2.307,2.45,300,193,298,193,2026-09-30
AO,69,2.11,2.233,2.337,2.452,67,40,67,40,2026-09-30
GR,131,2.11,2.26,2.317,2.47,127,87,127,87,2026-09-30
MS,71,2.11,2.266,2.334,2.48,69,50,70,50,2026-09-30
SP,76,2.11,2.264,2.325,2.482,72,48,72,47,2026-09-30
TO,666,2.11,2.257,2.324,2.467,646,316,647,317,2026-09-30
AR,154,2.111,2.268,2.33,2.483,142,100,142,100,2026-09-30
CE,334,2.111,2.221,2.302,2.414,299,286,300,285,2026-09-30
TV,314,2.111,2.219,2.313,2.418,296,173,295,171,2026-09-30
BO,323,2.112,2.257,2.314,2.462,316,183,317,182,2026-09-30
CO,122,2.114,2.192,2.33,2.409,105,81,104,81,2026-09-30
MI,672,2.114,2.249,2.327,2.461,654,361,645,353,2026-09-30
SI,126,2.114,2.267,2.326,2.477,120,89,120,89,2026-09-30
OT,77,2.115,2.257,2.327,2.467,74,55,74,55,2026-09-30
TN,208,2.115,2.219,2.32,2.423,200,114,200,115,2026-09-30
BT,99,2.116,2.272,2.314,2.462,92,74,94,74,2026-09-30
OR,67,2.116,2.248,2.333,2.463,67,52,66,51,2026-09-30
FE,146,2.117,2.221,2.319,2.42,144,85,143,84,2026-09-30
MO,257,2.117,2.237,2.322,2.439,253,146,253,146,2026-09-30
NA,738,2.117,2.203,2.312,2.398,652,601,656,601,2026-09-30
VA,234,2.118,2.227,2.335,2.438,226,141,226,141,2026-09-30
BS,483,2.119,2.26,2.335,2.475,473,310,468,307,2026-09-30
BR,159,2.12,2.266,2.301,2.447,157,110,157,110,2026-09-30
LU,180,2.122,2.263,2.332,2.475,178,113,178,114,2026-09-30
PV,183,2.122,2.253,2.332,2.464,181,106,181,106,2026-09-30
CT,379,2.123,2.256,2.332,2.467,354,311,356,310,2026-09-30
PZ,153,2.123,2.231,2.316,2.426,145,113,147,113,2026-09-30
BL,95,2.124,2.201,2.328,2.401,94,53,92,52,2026-09-30
PT,107,2.124,2.278,2.332,2.49,102,78,102,78,2026-09-30
CN,301,2.125,2.271,2.34,2.462,290,140,294,135,2026-09-30
RC,187,2.125,2.252,2.327,2.454,178,124,178,124,2026-09-30
SR,149,2.125,2.27,2.338,2.484,143,134,144,134,2026-09-30
KR,51,2.126,2.295,2.339,2.489,45,42,45,41,2026-09-30
UD,261,2.126,2.232,2.33,2.436,218,150,221,151,2026-09-30
VS,38,2.126,2.252,2.346,2.468,38,22,38,22,2026-09-30
CL,89,2.127,2.234,2.338,2.447,81,73,81,74,2026-09-30
FG,210,2.127,2.248,2.319,2.434,194,155,205,156,2026-09-30
PA,386,2.127,2.289,2.333,2.493,317,343,319,344,2026-09-30
RG,155,2.128,2.243,2.339,2.456,149,121,149,121,2026-09-30
VV,55,2.13,2.25,2.335,2.457,54,39,54,39,2026-09-30
BG,321,2.132,2.267,2.347,2.487,314,189,314,188,2026-09-30
SA,377,2.132,2.22,2.327,2.416,346,318,346,317,2026-09-30
LE,383,2.134,2.285,2.329,2.479,375,253,375,253,2026-09-30
BN,139,2.135,2.222,2.333,2.424,132,106,131,104,2026-09-30
CS,257,2.137,2.285,2.341,2.485,250,174,251,174,2026-09-30
VB,57,2.137,2.245,2.35,2.459,56,30,56,30,2026-09-30
CZ,144,2.138,2.284,2.342,2.485,142,100,142,101,2026-09-30
EN,59,2.139,2.224,2.35,2.438,55,44,55,44,2026-09-30
LC,86,2.139,2.239,2.354,2.456,84,58,84,58,2026-09-30
MT,74,2.141,2.237,2.329,2.424,73,62,73,62,2026-09-30
AG,134,2.144,2.279,2.352,2.49,118,127,118,128,2026-09-30
ME,209,2.145,2.275,2.352,2.483,190,174,190,174,2026-09-30
AV,193,2.148,2.235,2.342,2.433,182,156,184,156,2026-09-30
SS,107,2.148,2.247,2.364,2.461,106,75,106,75,2026-09-30
BZ,159,2.149,2.229,2.36,2.434,153,95,155,95,2026-09-30
TP,194,2.157,2.283,2.363,2.486,175,161,175,161,2026-09-30
NU,63,2.168,2.272,2.383,2.483,62,51,62,51,2026-09-30
TS,34,2.17,2.286,2.387,2.503,32,19,32,19,2026-09-30
OG,26,2.186,2.275,2.399,2.487,24,18,24,19,2026-09-30
